{
  "ok": true,
  "target_height": 197,
  "jump_amplitude": 10,
  "min_top": 5,
  "max_bottom": 203,
  "rows": {
    "idle": {
      "input_heights": [
        197,
        197,
        197,
        197,
        197,
        196
      ],
      "input_max_height": 197,
      "scale": 1.0,
      "output_heights": [
        197,
        197,
        197,
        197,
        197,
        196
      ],
      "output_bottoms": [
        202,
        202,
        202,
        202,
        203,
        202
      ],
      "output_vertical_range": 1
    },
    "running-right": {
      "input_heights": [
        189,
        187,
        191,
        191,
        181,
        184,
        188,
        190
      ],
      "input_max_height": 191,
      "scale": 1.031414,
      "output_heights": [
        195,
        193,
        197,
        197,
        187,
        190,
        194,
        196
      ],
      "output_bottoms": [
        200,
        198,
        203,
        203,
        192,
        196,
        203,
        203
      ],
      "output_vertical_range": 11
    },
    "running-left": {
      "input_heights": [
        189,
        187,
        191,
        191,
        181,
        184,
        188,
        190
      ],
      "input_max_height": 191,
      "scale": 1.031414,
      "output_heights": [
        195,
        193,
        197,
        197,
        187,
        190,
        194,
        196
      ],
      "output_bottoms": [
        200,
        198,
        203,
        203,
        192,
        196,
        203,
        203
      ],
      "output_vertical_range": 11
    },
    "waving": {
      "input_heights": [
        198,
        196,
        192,
        198
      ],
      "input_max_height": 198,
      "scale": 0.994949,
      "output_heights": [
        197,
        195,
        191,
        197
      ],
      "output_bottoms": [
        203,
        202,
        202,
        203
      ],
      "output_vertical_range": 1
    },
    "jumping": {
      "input_heights": [
        116,
        139,
        134,
        138,
        121
      ],
      "input_max_height": 139,
      "scale": 1.38,
      "output_heights": [
        160,
        192,
        185,
        190,
        167
      ],
      "output_bottoms": [
        203,
        199,
        193,
        198,
        203
      ],
      "output_vertical_range": 10
    },
    "failed": {
      "input_heights": [
        198,
        188,
        175,
        158,
        129,
        170,
        180,
        198
      ],
      "input_max_height": 198,
      "scale": 0.994949,
      "output_heights": [
        197,
        187,
        174,
        157,
        128,
        169,
        179,
        197
      ],
      "output_bottoms": [
        203,
        203,
        203,
        203,
        203,
        203,
        203,
        203
      ],
      "output_vertical_range": 0
    },
    "waiting": {
      "input_heights": [
        197,
        198,
        197,
        185,
        197,
        197
      ],
      "input_max_height": 198,
      "scale": 0.994949,
      "output_heights": [
        196,
        197,
        196,
        184,
        196,
        196
      ],
      "output_bottoms": [
        202,
        203,
        202,
        202,
        202,
        202
      ],
      "output_vertical_range": 1
    },
    "running": {
      "input_heights": [
        198,
        198,
        197,
        197,
        198,
        195
      ],
      "input_max_height": 198,
      "scale": 0.994949,
      "output_heights": [
        197,
        197,
        196,
        196,
        197,
        194
      ],
      "output_bottoms": [
        203,
        203,
        203,
        202,
        203,
        203
      ],
      "output_vertical_range": 1
    },
    "review": {
      "input_heights": [
        198,
        198,
        197,
        198,
        198,
        198
      ],
      "input_max_height": 198,
      "scale": 0.994949,
      "output_heights": [
        197,
        197,
        196,
        197,
        197,
        197
      ],
      "output_bottoms": [
        203,
        203,
        203,
        203,
        203,
        203
      ],
      "output_vertical_range": 0
    }
  }
}
